<?xml version="1.0" encoding="UTF-8"?>
<GenRun Id="impl_1" LaunchPart="xc7a35tcpg236-1" LaunchTime="1605737320">
  <File Type="BITSTR-BMM" Name="PutTogetherMultiplier_bd.bmm"/>
  <File Type="OPT-METHODOLOGY-DRC" Name="PutTogetherMultiplier_methodology_drc_opted.rpt"/>
  <File Type="INIT-TIMING" Name="PutTogetherMultiplier_timing_summary_init.rpt"/>
  <File Type="ROUTE-PWR" Name="PutTogetherMultiplier_power_routed.rpt"/>
  <File Type="PA-TCL" Name="PutTogetherMultiplier.tcl"/>
  <File Type="OPT-TIMING" Name="PutTogetherMultiplier_timing_summary_opted.rpt"/>
  <File Type="OPT-DCP" Name="PutTogetherMultiplier_opt.dcp"/>
  <File Type="ROUTE-PWR-SUM" Name="PutTogetherMultiplier_power_summary_routed.pb"/>
  <File Type="REPORTS-TCL" Name="PutTogetherMultiplier_reports.tcl"/>
  <File Type="OPT-DRC" Name="PutTogetherMultiplier_drc_opted.rpt"/>
  <File Type="OPT-HWDEF" Name="PutTogetherMultiplier.hwdef"/>
  <File Type="PWROPT-DCP" Name="PutTogetherMultiplier_pwropt.dcp"/>
  <File Type="PWROPT-DRC" Name="PutTogetherMultiplier_drc_pwropted.rpt"/>
  <File Type="PWROPT-TIMING" Name="PutTogetherMultiplier_timing_summary_pwropted.rpt"/>
  <File Type="PLACE-DCP" Name="PutTogetherMultiplier_placed.dcp"/>
  <File Type="PLACE-IO" Name="PutTogetherMultiplier_io_placed.rpt"/>
  <File Type="PLACE-CLK" Name="PutTogetherMultiplier_clock_utilization_placed.rpt"/>
  <File Type="PLACE-UTIL" Name="PutTogetherMultiplier_utilization_placed.rpt"/>
  <File Type="PLACE-UTIL-PB" Name="PutTogetherMultiplier_utilization_placed.pb"/>
  <File Type="PLACE-CTRL" Name="PutTogetherMultiplier_control_sets_placed.rpt"/>
  <File Type="PLACE-SIMILARITY" Name="PutTogetherMultiplier_incremental_reuse_placed.rpt"/>
  <File Type="PLACE-PRE-SIMILARITY" Name="PutTogetherMultiplier_incremental_reuse_pre_placed.rpt"/>
  <File Type="PLACE-TIMING" Name="PutTogetherMultiplier_timing_summary_placed.rpt"/>
  <File Type="POSTPLACE-PWROPT-DCP" Name="PutTogetherMultiplier_postplace_pwropt.dcp"/>
  <File Type="BG-BIN" Name="PutTogetherMultiplier.bin"/>
  <File Type="POSTPLACE-PWROPT-TIMING" Name="PutTogetherMultiplier_timing_summary_postplace_pwropted.rpt"/>
  <File Type="PHYSOPT-DCP" Name="PutTogetherMultiplier_physopt.dcp"/>
  <File Type="PHYSOPT-DRC" Name="PutTogetherMultiplier_drc_physopted.rpt"/>
  <File Type="BITSTR-MSK" Name="PutTogetherMultiplier.msk"/>
  <File Type="PHYSOPT-TIMING" Name="PutTogetherMultiplier_timing_summary_physopted.rpt"/>
  <File Type="ROUTE-ERROR-DCP" Name="PutTogetherMultiplier_routed_error.dcp"/>
  <File Type="ROUTE-DCP" Name="PutTogetherMultiplier_routed.dcp"/>
  <File Type="ROUTE-BLACKBOX-DCP" Name="PutTogetherMultiplier_routed_bb.dcp"/>
  <File Type="ROUTE-DRC" Name="PutTogetherMultiplier_drc_routed.rpt"/>
  <File Type="ROUTE-DRC-PB" Name="PutTogetherMultiplier_drc_routed.pb"/>
  <File Type="ROUTE-DRC-RPX" Name="PutTogetherMultiplier_drc_routed.rpx"/>
  <File Type="BITSTR-MMI" Name="PutTogetherMultiplier.mmi"/>
  <File Type="ROUTE-METHODOLOGY-DRC" Name="PutTogetherMultiplier_methodology_drc_routed.rpt"/>
  <File Type="ROUTE-METHODOLOGY-DRC-RPX" Name="PutTogetherMultiplier_methodology_drc_routed.rpx"/>
  <File Type="ROUTE-METHODOLOGY-DRC-PB" Name="PutTogetherMultiplier_methodology_drc_routed.pb"/>
  <File Type="ROUTE-PWR-RPX" Name="PutTogetherMultiplier_power_routed.rpx"/>
  <File Type="ROUTE-STATUS" Name="PutTogetherMultiplier_route_status.rpt"/>
  <File Type="ROUTE-STATUS-PB" Name="PutTogetherMultiplier_route_status.pb"/>
  <File Type="ROUTE-TIMINGSUMMARY" Name="PutTogetherMultiplier_timing_summary_routed.rpt"/>
  <File Type="ROUTE-TIMING-PB" Name="PutTogetherMultiplier_timing_summary_routed.pb"/>
  <File Type="ROUTE-TIMING-RPX" Name="PutTogetherMultiplier_timing_summary_routed.rpx"/>
  <File Type="ROUTE-SIMILARITY" Name="PutTogetherMultiplier_incremental_reuse_routed.rpt"/>
  <File Type="ROUTE-CLK" Name="PutTogetherMultiplier_clock_utilization_routed.rpt"/>
  <File Type="ROUTE-BUS-SKEW" Name="PutTogetherMultiplier_bus_skew_routed.rpt"/>
  <File Type="ROUTE-BUS-SKEW-PB" Name="PutTogetherMultiplier_bus_skew_routed.pb"/>
  <File Type="ROUTE-BUS-SKEW-RPX" Name="PutTogetherMultiplier_bus_skew_routed.rpx"/>
  <File Type="POSTROUTE-PHYSOPT-DCP" Name="PutTogetherMultiplier_postroute_physopt.dcp"/>
  <File Type="POSTROUTE-PHYSOPT-BLACKBOX-DCP" Name="PutTogetherMultiplier_postroute_physopt_bb.dcp"/>
  <File Type="POSTROUTE-PHYSOPT-TIMING" Name="PutTogetherMultiplier_timing_summary_postroute_physopted.rpt"/>
  <File Type="POSTROUTE-PHYSOPT-TIMING-PB" Name="PutTogetherMultiplier_timing_summary_postroute_physopted.pb"/>
  <File Type="POSTROUTE-PHYSOPT-TIMING-RPX" Name="PutTogetherMultiplier_timing_summary_postroute_physopted.rpx"/>
  <File Type="POSTROUTE-PHYSOPT-BUS-SKEW" Name="PutTogetherMultiplier_bus_skew_postroute_physopted.rpt"/>
  <File Type="POSTROUTE-PHYSOPT-BUS-SKEW-PB" Name="PutTogetherMultiplier_bus_skew_postroute_physopted.pb"/>
  <File Type="BG-BIT" Name="PutTogetherMultiplier.bit"/>
  <File Type="POSTROUTE-PHYSOPT-BUS-SKEW-RPX" Name="PutTogetherMultiplier_bus_skew_postroute_physopted.rpx"/>
  <File Type="BITSTR-RBT" Name="PutTogetherMultiplier.rbt"/>
  <File Type="BITSTR-NKY" Name="PutTogetherMultiplier.nky"/>
  <File Type="PDI-FILE" Name="PutTogetherMultiplier.pdi"/>
  <File Type="RCFI_FILE" Name="PutTogetherMultiplier.rcfi"/>
  <File Type="CFI_FILE" Name="PutTogetherMultiplier.cfi"/>
  <File Type="RNPI_FILE" Name="PutTogetherMultiplier.rnpi"/>
  <File Type="NPI_FILE" Name="PutTogetherMultiplier.npi"/>
  <File Type="RBD_FILE" Name="PutTogetherMultiplier.rbd"/>
  <File Type="BITSTR-LTX" Name="debug_nets.ltx"/>
  <File Type="BITSTR-LTX" Name="PutTogetherMultiplier.ltx"/>
  <File Type="BITSTR-SYSDEF" Name="PutTogetherMultiplier.sysdef"/>
  <File Type="BG-BGN" Name="PutTogetherMultiplier.bgn"/>
  <File Type="BG-DRC" Name="PutTogetherMultiplier.drc"/>
  <File Type="RDI-RDI" Name="PutTogetherMultiplier.vdi"/>
  <File Type="WBT-USG" Name="usage_statistics_webtalk.html"/>
  <FileSet Name="sources" Type="DesignSrcs" RelSrcDir="$PSRCDIR/sources_1">
    <Filter Type="Srcs"/>
    <File Path="$PSRCDIR/sources_1/new/Control.v">
      <FileInfo>
        <Attr Name="UsedIn" Val="synthesis"/>
        <Attr Name="UsedIn" Val="implementation"/>
        <Attr Name="UsedIn" Val="simulation"/>
      </FileInfo>
    </File>
    <File Path="$PSRCDIR/sources_1/new/EightBitAdder.v">
      <FileInfo>
        <Attr Name="UsedIn" Val="synthesis"/>
        <Attr Name="UsedIn" Val="implementation"/>
        <Attr Name="UsedIn" Val="simulation"/>
      </FileInfo>
    </File>
    <File Path="$PSRCDIR/sources_1/new/EightBitMultiply.v">
      <FileInfo>
        <Attr Name="UsedIn" Val="synthesis"/>
        <Attr Name="UsedIn" Val="implementation"/>
        <Attr Name="UsedIn" Val="simulation"/>
      </FileInfo>
    </File>
    <File Path="$PSRCDIR/sources_1/new/EightCounter.v">
      <FileInfo>
        <Attr Name="UsedIn" Val="synthesis"/>
        <Attr Name="UsedIn" Val="implementation"/>
        <Attr Name="UsedIn" Val="simulation"/>
      </FileInfo>
    </File>
    <File Path="$PSRCDIR/sources_1/imports/new/Verilog_Adder.v">
      <FileInfo>
        <Attr Name="ImportPath" Val="$PPRDIR/../lab3/lab3.srcs/sources_1/new/Verilog_Adder.v"/>
        <Attr Name="ImportTime" Val="1602644929"/>
        <Attr Name="UsedIn" Val="synthesis"/>
        <Attr Name="UsedIn" Val="implementation"/>
        <Attr Name="UsedIn" Val="simulation"/>
      </FileInfo>
    </File>
    <File Path="$PSRCDIR/sources_1/new/PutTogetherMultiplier.v">
      <FileInfo>
        <Attr Name="UsedIn" Val="synthesis"/>
        <Attr Name="UsedIn" Val="implementation"/>
        <Attr Name="UsedIn" Val="simulation"/>
      </FileInfo>
    </File>
    <File Path="$PSRCDIR/sources_1/imports/new/Ripple_Carry_Adder_4.v">
      <FileInfo>
        <Attr Name="AutoDisabled" Val="1"/>
        <Attr Name="ImportPath" Val="$PPRDIR/../lab3/lab3.srcs/sources_1/new/Ripple_Carry_Adder_4.v"/>
        <Attr Name="ImportTime" Val="1602644877"/>
        <Attr Name="UsedIn" Val="synthesis"/>
        <Attr Name="UsedIn" Val="implementation"/>
        <Attr Name="UsedIn" Val="simulation"/>
      </FileInfo>
    </File>
    <File Path="$PSRCDIR/sources_1/new/FourBitMultiply.v">
      <FileInfo>
        <Attr Name="AutoDisabled" Val="1"/>
        <Attr Name="UsedIn" Val="synthesis"/>
        <Attr Name="UsedIn" Val="implementation"/>
        <Attr Name="UsedIn" Val="simulation"/>
      </FileInfo>
    </File>
    <File Path="$PSRCDIR/sources_1/new/Counter.v">
      <FileInfo>
        <Attr Name="AutoDisabled" Val="1"/>
        <Attr Name="UsedIn" Val="synthesis"/>
        <Attr Name="UsedIn" Val="implementation"/>
        <Attr Name="UsedIn" Val="simulation"/>
      </FileInfo>
    </File>
    <Config>
      <Option Name="DesignMode" Val="RTL"/>
      <Option Name="TopModule" Val="PutTogetherMultiplier"/>
    </Config>
  </FileSet>
  <FileSet Name="constrs_in" Type="Constrs" RelSrcDir="$PSRCDIR/constrs_1">
    <Filter Type="Constrs"/>
    <File Path="$PSRCDIR/constrs_1/imports/Downloads/Basys3_Master.xdc">
      <FileInfo>
        <Attr Name="ImportPath" Val="$PPRDIR/../../../../../Downloads/Basys3_Master.xdc"/>
        <Attr Name="ImportTime" Val="1602101160"/>
        <Attr Name="UsedIn" Val="synthesis"/>
        <Attr Name="UsedIn" Val="implementation"/>
      </FileInfo>
    </File>
    <Config>
      <Option Name="ConstrsType" Val="XDC"/>
    </Config>
  </FileSet>
  <FileSet Name="utils" Type="Utils" RelSrcDir="$PSRCDIR/utils_1">
    <Filter Type="Utils"/>
    <Config>
      <Option Name="TopAutoSet" Val="TRUE"/>
    </Config>
  </FileSet>
  <Strategy Version="1" Minor="2">
    <StratHandle Name="Vivado Implementation Defaults" Flow="Vivado Implementation 2020"/>
    <Step Id="init_design"/>
    <Step Id="opt_design"/>
    <Step Id="power_opt_design"/>
    <Step Id="place_design"/>
    <Step Id="post_place_power_opt_design"/>
    <Step Id="phys_opt_design"/>
    <Step Id="route_design"/>
    <Step Id="post_route_phys_opt_design"/>
    <Step Id="write_bitstream"/>
  </Strategy>
</GenRun>
